選區代號,獲提名人士姓名（姓氏先行）,政治聯繫
A01,許智峯,民主黨
A01,衛珮璇,
A01,蘇浩,選民力量/人民力量
A02,鄧偉中,民主黨
A02,張翼雄,
A02,陳佩怡,
A03,鄭麗琼,民主黨
A03,白富鴻,
A04,陳浩濂,自由黨
A04,陳淑莊,公民黨
A05,陳捷貴,獨立
A05,徐傑生,社會民主連線
A06,陳學鋒,民主建港協進聯盟
A06,伍凱欣,民主黨
A07,葉國謙,民主建港協進聯盟
A07,梁國雄,社會民主連線
A08,張國鈞,民主建港協進聯盟
A08,莊榮輝,民主黨
A09,楊浩然,民主黨
A09,林懷榮,
A09,黃家樂,選民力量/人民力量
A10,陳財喜,
A10,程明達,獨立民主派
A11,盧懿杏,民主建港協進聯盟
A11,容澤昌,民主黨
A11,袁文浩,選民力量/人民力量
A12,陳賢豪,
A12,嚴達明,選民力量/人民力量
A12,甘乃威,民主黨
A13,蕭嘉怡,民主建港協進聯盟
A13,何俊麒,民主黨
A13,李肇昌,選民力量/人民力量
A14,李志恒,
A14,王浩賢,土地正義聯盟
A15,楊學明,民主建港協進聯盟
A15,黃堅成,民主黨
A15,戴卓賢,獨立
B01,鄭其建,獨立候選人
B01,王潔玲,
B02,鄭琴淵,民主建港協進聯盟
B02,李建賢,民主黨
B03,鍾嘉敏,民主建港協進聯盟
B04,伍婉婷,
B04,方奕霖,民主黨
B04,鄺國柱,人民力量
B05,單仲偕,民主黨
B05,黃楚峰,新民黨
B05,劉嘉鴻,人民力量/選民力量
B05,沈四海,獨立候選人
B06,李怡安,自由黨
B06,黎大偉,無黨派獨立候選人
B06,李澤民,獨立
B07,麥國風,社會民主連線
B07,白韻琹,
B08,吳錦津,獨立
B08,曾健超,公民黨
B09,吳彥強,公民黨
B09,黃宏泰,
B10,李碧儀,
B10,莊初傑,民主動力
B11,李均頤,民主建港協進聯盟
B11,盧健明,民主動力
C01,洪啟騰,新民黨
C01,趙家賢,民主黨
C02,謝子祺,新民黨
C02,曹漢光,民主派
C03,嚴家榮,民主黨
C03,傅元章,
C04,顏尊亷,民主建港協進聯盟
C05,勞鍱珍,民主建港協進聯盟
C05,鍾碩殷,社會民主連線
C06,杜本文,
C06,林其東,
C06,鄭興,
C07,何毅淦,香港工會聯合會
C07,陳添勝,獨立民主派
C08,古桂耀,社會民主連線
C08,關瑞龍,民主建港協進聯盟
C09,黃健興,
C09,梁俊健,民主黨
C10,陳靄群,香港工會聯合會/民主建港協進聯盟
C11,楊漢成,
C11,陳耀德,民主黨
C11,梁國鴻,民主建港協進聯盟/香港工會聯合會
C12,龔栢祥,民主建港協進聯盟
C13,趙承基,民主建港協進聯盟
C13,黎志強,公民黨
C13,黎素珊,獨立候選人(社會民主連線會員)
C14,黃建彬,民主建港協進聯盟
C15,邵家輝,自由黨
C16,李文龍,獨立
C16,陳建國,民主黨
C17,羅榮焜,
C18,周潔冰,
C19,許清安,
C19,熊百祥,公民黨
C20,郭偉强,香港工會聯合會/民主建港協進聯盟
C21,洪連杉,民主建港協進聯盟
C22,蔡素玉,民主建港協進聯盟
C23,李汝大,
C23,謝俊文,獨立
C23,黃成光,
C23,嚴鳳至,
C24,鄭志成,民主建港協進聯盟
C25,丁江浩,民主建港協進聯盟
C26,梁淑楨,民主黨
C26,吳麗清,
C26,霍穎怡,社會民主連線
C27,黃敬,
C27,陳啟遠,公民黨
C28,梁兆新,公民黨
C28,廖美玲,
C28,孔憲添,
C29,許林慶,
C29,黃德成,獨立候選人
C29,黎沛生,社會民主連線
C29,黃月梅,
C29,洪志傑,
C30,江澤濠,獨立無黨派
C30,陳顯中,
C31,吳錦偉,民主黨
C31,許嘉灝,民主建港協進聯盟
C32,趙資強,民主建港協進聯盟/香港工會聯合會
C32,盧志強,獨立民主派
C33,劉慶揚,民主建港協進聯盟
C33,何慇榮,社會民主連線
C34,李進秋,
C34,曾健成,社會民主連線
C34,雷倩兒,
C35,李鎮強,自由黨
C35,呂志文,獨立候選人
C36,鍾樹根,民主建港協進聯盟
C37,劉好景,
C37,吳美容,
C37,林翠蓮,
C37,梁志威,
D01,黃靈新,
D01,程樂蓀,基層民主社
D02,林玉珍,獨立候選人
D03,張錫容,
D03,張永豪,
D04,張少強,
D04,區諾軒,民主黨
D04,陳封華,人民力量
D05,黃志毅,
D05,羅健熙,民主黨
D05,盧中文,人民力量
D06,郭榮鏗,公民黨
D06,林啟暉,獨立候選人
D07,季詩傑,
D07,施俊輝,新民黨
D07,馮煒光,民主黨
D07,林雨陽,選民力量/人民力量
D08,楊小壁,民主黨
D08,麥謝巧玲,民主建港協進聯盟
D09,黎熙琳,民主黨
D09,歐立成,
D09,黃榮烈,獨立
D10,柴文瀚,民主黨
D10,黃才立,民主建港協進聯盟
D11,嚴建平,
D11,司馬文,公民黨
D12,朱慶虹,無黨派獨立人士
D13,陳富明,
D14,朱立威,民主建港協進聯盟
D14,文豪強,
D15,袁志光,香港工會聯合會/民主建港協進聯盟
D15,徐遠華,民主黨
D16,馮仕耕,自由黨
D16,黎廣德,公民黨
D17,王錦泉,自由黨
D17,李佩英,
E01,孔昭華,民主建港協進聯盟
E01,劉永達,人民力量
E01,任紹偉,
E02,葉傲冬,民主建港協進聯盟
E02,何家權,香港關注會
E02,李景華,
E02,陳健成,民主黨
E03,LIMBU Saran Kumar,南方民主同盟
E03,陳少棠,民主建港協進聯盟
E03,林依麗,香港關注會
E04,吳寶珊,香港民主民生協進會
E04,楊子熙,民主建港協進聯盟
E05,楊繼昌,二○一一年區議會選舉制裁民建聯計劃/社會民主連線
E05,鍾港武,民主建港協進聯盟
E06,許德亮,獨立候選人
E06,林振昇,
E06,扶沛文,
E07,陳偉強,獨立
E08,劉啟傑,自由黨
E08,涂謹申,民主黨
E08,朱景亮,人民力量
E09,林浩揚,民主黨
E09,黃頌,
E09,任永強,人民力量
E10,李偉峰,民主黨
E10,蔡少峰,民主建港協進聯盟
E10,曾浚瑛,社會民主連線
E11,潘焯鴻,
E11,劉柏祺,民主建港協進聯盟
E11,王嘉盈,公民黨
E11,秦飛鵬,
E12,譚金蓮,港九勞工社團聯會
E12,吳文遠,社會民主連線
E12,莊永燦,
E12,陳文佑,
E13,黃舒明,
E13,葉樹安,公民黨
E14,劉俊業,民主黨
E14,黃建新,獨立候選人
E14,阮昭達,人民力量/前綫
E14,龍緯汶,南方民主同盟
E15,仇振輝,
E15,袁海文,民主黨
E16,林健文,香港民主民生協進會
E16,梁偉權,獨立人士
E16,黃標,
E16,王樹球,
E16,李國強,
E17,HATHIRAMANI Hiro Kishinchand,
E17,關秀玲,民主建港協進聯盟
E17,SINGH Harminder,公民黨
E17,加利,獨立
E17,廖少輝,人民力量
E17,AHUJA Monesh Gopaldas,獨立
F01,蘇俊文,
F01,梁有方,香港民主民生協進會
F01,劉鐵煒,人民力量
F02,林家輝,
F03,梁欐,香港民主民生協進會
F03,鄭泳舜,民主建港協進聯盟
F03,盧蔚然,人民力量
F04,秦寶山,香港民主民生協進會
F04,曾廷軒,人民力量
F04,羅錦有,獨立
F05,方鏗強,神州青年服務社
F05,李詠民,港九勞工社團聯會
F06,劉佩玉,民主建港協進聯盟
F06,麥偉明,
F07,衞煥南,香港民主民生協進會
F07,陳建民,香港工會聯合會/民主建港協進聯盟
F08,黎慧蘭,香港民主民生協進會
F08,梁文廣,富昌邨居民協會
F08,葉智德,人民力量
F09,范國輝,香港工會聯合會/民主建港協進聯盟
F09,馮檢基,香港民主民生協進會
F09,鍾詠淵,
F09,趙植東,人民力量
F10,覃德誠,香港民主民生協進會
F10,梁銘言,民主建港協進聯盟
F11,黃志勇,香港民主民生協進會
F11,梁宴誠,民主建港協進聯盟
F12,黃達東,民主建港協進聯盟
F12,王德全,公民黨
F12,陳健浚,
F13,曾麗文,人民力量
F13,伍月蘭,公民黨
F13,沈少雄,
F14,姜頌賢,公民黨
F14,張永森,
F15,李祺逢,
F15,黃良喜,民主黨
F15,譚世傑,人民力量
F15,黎志良,
F15,梁昭鴻,
F16,施德來,香港民主民生協進會
F16,陳偉明,民主建港協進聯盟
F16,鄧美晶,社會民主連線
F17,陳鏡秋,
F17,江貴生,香港民主民生協進會
F17,錢偉洛,人民力量
F18,楊彧,香港民主民生協進會
F18,甄啟榮,
F19,郭振華,
F19,李健勤,香港民主民生協進會
F20,譚國僑,香港民主民生協進會
F20,韋海英,獨立
F20,雷文鋒,
F21,吳美,香港民主民生協進會
F21,陳建業,自由黨
F21,張本釗,人民力量
G01,莫嘉嫻,香港民主民生協進會
G01,林心廉,民主建港協進聯盟/香港工會聯合會
G02,余仲賢,香港民主民生協進會
G02,黃潤昌,民主建港協進聯盟/香港工會聯合會
G02,邱劉珍,
G03,李蓮,
G03,梁冠華,獨立候選人
G04,楊永杰,
G05,黃永傑,香港民主民生協進會
G05,陸勁光,民主建港協進聯盟
G06,鄭利明,
G06,伍精民,公民黨
G07,蕭亮聲,香港民主民生協進會
G07,陳景煌,
G07,曾偉軒,人民力量
G08,黃以謙,獨立
G08,鄧志盈,公民黨
G09,何顯明,自由黨
G10,吳寶強,民主建港協進聯盟
G10,周峻翹,人民力量
G11,楊振宇,香港民主民生協進會
G11,張芬蘭,民主建港協進聯盟/香港工會聯合會
G11,葉志偉,經濟動力
G11,李漢森,人民力量
G12,潘國華,民主建港協進聯盟
G12,湯文海,
G13,李慧琼,民主建港協進聯盟
G13,黃子希,民主黨
G14,吳炫達,
G14,潘志文,民主黨
G15,蕭婉嫦,民主建港協進聯盟
G15,葉鈞浩,公民黨
G16,梁美芬,
G16,黃碧雲,民主黨
G16,歐陽英傑,人民力量/選民力量
G17,劉偉榮,
G17,盧俊傑,民主黨
G18,張仁康,
G18,符偉樂,人民力量
G19,任國棟,香港民主民生協進會
G19,陳仲翔,民主建港協進聯盟
G19,黃志強,
G20,李咨呈,
G20,勞超傑,
G20,曾昭偉,人民力量
G21,吳奮金,民主建港協進聯盟
G21,陳麗君,民主黨
G22,左滙雄,
G22,陳友昌,公民黨
G22,陳燕玲,
H01,黃金池,
H02,李東江,民主建港協進聯盟
H02,郭秀英,
H03,林偉基,民主黨
H03,陳婉嫻,香港工會聯合會
H03,任亮憲,人民力量
H04,張志宏,自由黨
H04,陳炎光,
H04,黃軒瑋,社會民主連線
H05,簡志豪,民主建港協進聯盟
H05,傅滿芳,
H05,黃國強,
H06,蔡六乘,
H06,譚香文,
H06,陳維新,
H07,李達仁,
H07,屈奇安,新民黨
H07,梁日明,社會民主連線
H08,李德康,民主建港協進聯盟
H09,林文輝,香港工會聯合會/民主建港協進聯盟/東九龍居民委員會
H09,莫應帆,香港民主民生協進會
H10,陳偉坤,
H11,黎榮浩,民主建港協進聯盟
H11,黃順賢,公民黨
H12,陳安泰,自由黨
H12,黃鶴鳴,公民黨
H13,蘇錫堅,
H14,許錦成,香港民主民生協進會
H14,莊澤財,香港工會聯合會
H15,陳嘉偉,
H15,丁志威,
H15,陶君行,社會民主連線
H16,袁國強,民主建港協進聯盟
H16,呂永基,民主黨
H17,陳曼琪,民主建港協進聯盟
H18,黃逸旭,泛民區選聯盟
H18,陳澤森,香港工會聯合會
H19,何漢文,民主建港協進聯盟/香港工會聯合會
H20,郭善甄,
H20,胡志偉,民主黨
H21,蔡子健,民主建港協進聯盟
H21,黃國桐,民主黨/民主動力
H21,駱偉泉,
H22,張思晉,民主建港協進聯盟
H22,沈運華,民主黨
H23,徐百弟,民主黨
H23,譚美普,民主建港協進聯盟/香港工會聯合會
H23,梁振華,
H24,崔家俊,民主黨
H24,何賢輝,香港工會聯合會/民主建港協進聯盟
H25,莫健榮,香港工會聯合會/民主建港協進聯盟
H25,蔡志賢,彩虹邨服務聯會
J01,賴遠彬,
J01,陳華裕,
J01,徐永銓,
J02,潘任惠珍,
J02,竇一龍,
J03,施能熊,民主建港協進聯盟
J04,潘進源,民主建港協進聯盟
J04,陳梓杰,公民黨
J05,陳百里,民主建港協進聯盟
J05,林森成,社會民主連線
J06,邢永豪,民主黨
J06,譚肇卓,民主建港協進聯盟
J06,黃家樂,社會民主連線
J07,黃偉達,民主黨
J07,顏汶羽,民主建港協進聯盟
J08,郭必錚,民主建港協進聯盟/香港工會聯合會
J09,符碧珍,獨立候選人
J10,蔡澤鴻,
J11,洪錦鉉,民主建港協進聯盟
J12,計明華,民主黨
J12,黃春平,獨立人士
J13,蘇麗珍,獨立候選人
J13,李港生,
J14,李耀基,民主黨
J14,麥富寧,民主建港協進聯盟
J15,陳汶堅,民主黨
J15,余誠禧,民主建港協進聯盟/香港工會聯合會
J15,孫鴻華,
J15,陳天贊,人民力量/選民力量
J16,簡銘東,民主建港協進聯盟/香港工會聯合會
J16,李啓文,公民黨
J17,柯創盛,民主建港協進聯盟
J18,姚柏良,獨立候選人
J19,何啟明,香港工會聯合會
J19,鄧志豪,
J20,金章翔,民主黨
J20,張琪騰,民主建港協進聯盟
J20,譚樹芬,社會民主連線
J21,莫建成,民主黨
J21,黎樹濠,獨立候選人
J21,區潤科,社會民主連線
J22,謝淑珍,
J22,劉礎慊,香港工會聯合會
J22,廖潔明,新民黨
J22,李豐年,社會民主連線
J22,梁頴超,人民力量
J23,呂東孩,獨立候選人
J23,韓家銘,民主黨
J24,鄧咏駿,獨立候選人
J25,張順華,
J25,吳謦燃,社會民主連線
J26,馮美雲,
J26,林家強,獨立候選人
J27,劉定安,新世紀論壇
J27,陸大恒,社會民主連線
J28,徐海山,
J28,林志釉,
J29,陳振彬,
J29,姜新華,社會民主連線
J30,馬軼超,獨立候選人
J30,胡健華,獨立候選人
J30,劉偉忠,社會民主連線
J31,黃啟明,民主黨
J31,金堅,
J32,陳國華,民主建港協進聯盟
J33,葉興國,
J34,楊國雄,社會民主連線
J34,馮錦源,
J35,許慧鳳,民主建港協進聯盟/香港工會聯合會
J35,蘇冠聰,
K01,羅少傑,獨立候選人
K01,黎敬瑋,民主黨
K02,陳恒鑌,民主建港協進聯盟
K02,葉穗倫,公民黨
K03,李偉儀,人民力量
K03,鄭柏強,
K03,鄒秉恬,獨立候選人
K04,陳金霖,民主建港協進聯盟
K04,林光耀,人民力量
K05,葛兆源,香港工會聯合會
K05,梅綺玲,民主黨
K06,田北辰,新民黨
K06,王銳德,民主黨
K07,曾大,民主建港協進聯盟
K07,李洪波,民主黨
K08,林婉濱,獨立
K09,黃偉傑,獨立
K09,郭志堅,人民力量
K10,林琳,民主建港協進聯盟
K10,歐銘絲,自由黨
K10,陳素玲,人民力量
K11,李摩西,新民黨
K11,曾文典,
K11,黃楊慕蓮,獨立候選人
K12,陳偉明,
K13,林發耿,
K13,蘇耀坤,公民黨
K14,呂廸明,民主建港協進聯盟
K14,陳琬琛,公民黨
K14,周慧兒,候選人要求刪除在這欄內的資料
K15,黃德智,香港工會聯合會
K15,黃家華,公民黨
K16,文裕明,新界社團聯會/公屋聯會
K17,陳振中,民主建港協進聯盟
K17,黃志順,人民力量/前綫
K17,蔡子民,民主黨
L01,楊文達,新民黨
L01,陳家健,民主黨
L01,劉嘉麟,
L01,歐志遠,
L02,林頌鎧,民主黨
L02,王加良,
L02,羅耀銓,
L03,葉文斌,民主建港協進聯盟
L03,盧民漢,民主黨
L03,何榮東,人民力量
L04,梁志豪,民主建港協進聯盟
L04,江鳳儀,香港民主民生協進會
L05,曾憲康,民主建港協進聯盟
L05,黎家朗,選民力量/人民力量
L05,蔣月蘭,民主黨
L06,陳雲生,民主建港協進聯盟
L06,林立,民主黨
L07,朱耀華,
L07,吳兆康,民主黨
L08,吳觀鴻,
L08,梁文斌,
L09,陳有海,民主建港協進聯盟/香港工會聯合會
L10,徐帆,民主建港協進聯盟
L10,司徒振邦,民主黨
L11,馬玉妹,民主黨
L11,古漢強,
L12,蘇炤成,
L12,翁世銘,
L13,朱順雅,民主黨
L13,姜啓邦,
L13,李桂芳,
L14,李淑貞,
L14,龍更新,
L14,何佩嫻,
L15,張恒輝,民主建港協進聯盟
L15,葉麗媚,
L15,官東榮,
L16,侯國東,民主建港協進聯盟
L16,嚴天生,香港民主民生協進會
L17,梁健文,民主建港協進聯盟
L18,蘇愛群,民主建港協進聯盟
L18,戴賢招,
L18,溫瑞岐,人民力量
L19,沈錦添,
L19,何俊仁,民主黨
L19,陳偉業,人民力量
L20,龍瑞卿,民主建港協進聯盟
L20,陳建璋,人民力量
L20,馮卓奇,民主黨
L21,李鳳嬋,民主建港協進聯盟
L21,黃麗嫦,民主黨
L22,程志紅,民主建港協進聯盟
L22,唐偉強,民主黨
L23,李洪森,民主建港協進聯盟
L23,曾振興,民主動力
L24,江雲菁,
L24,陳秀雲,民主建港協進聯盟
L24,蘇嘉雯,
L24,鍾耀儀,
L25,陳文華,民主建港協進聯盟
L25,李錦添,公民黨
L26,巫成鋒,民主建港協進聯盟
L26,陳樹英,民主黨
L26,文志傑,人民力量
L27,何杏梅,民主黨
L27,崔君毅,自由黨
L27,黎樂民,人民力量
L28,陳文偉,民主建港協進聯盟
L28,方麗雯,民主黨
L29,陶錫源,
M01,李嘉華,人民力量
M01,呂堅,民主建港協進聯盟
M02,黃健榮,
M02,袁敏兒,
M03,邱嘉強,民主建港協進聯盟
M03,黃偉賢,民主黨
M04,陳智偉,民主建港協進聯盟
M04,鄺俊宇,民主黨
M05,蕭浪鳴,民主建港協進聯盟
M05,許昭藩,人民力量
M06,余仲良,民主建港協進聯盟
M06,麥業成,人民力量
M07,沈豪傑,
M08,程振明,
M08,梁明堅,
M09,張木林,新界社團聯會
M09,黃勝棠,
M10,鄧慶業,
M11,鄧家良,
M12,陳惠清,
M12,陳思靜,自由黨
M13,郭強,民主建港協進聯盟
M14,周永勤,自由黨
M14,劉冠亨,公民黨
M14,高俊傑,
M15,黃煒鈴,民主建港協進聯盟
M15,廖任,人民力量
M16,強國偉,香港職工會聯盟
M16,趙秀嫻,
M17,李卓人,香港職工會聯盟
M17,劉桂容,香港工會聯合會
M18,郭慶平,民主黨
M18,黃裕材,
M19,陸頌雄,香港工會聯合會
M20,吳玉英,民主黨
M20,姚國威,香港工會聯合會
M20,何家康,
M21,鄧焯謙,香港工會聯合會
M21,王竣達,街坊工友服務處
M21,黎雪詠,
M22,李月民,
M22,朱韶洪,人民力量
M23,陳美蓮,
M23,馬淑燕,
M24,梁志祥,民主建港協進聯盟
M25,湛家雄,
M26,黃卓健,新民黨
M26,楊世昌,民主黨
M26,謝巨誠,
M26,陳偉文,自由黨
M26,李子強,
M27,邱帶娣,
M28,文光明,
M28,周振勤,土地正義聯盟
M29,鄧卓然,
M30,鄧鎔耀,
M30,鄧貴有,
M30,朱凱廸,土地正義聯盟
M31,黎偉雄,
M31,馮汝竹,土地正義聯盟
N01,羅世恩,民主黨
N01,曾興隆,民主建港協進聯盟
N02,梁家裕,民主黨
N02,彭振聲,民主建港協進聯盟
N02,張偉業,獨立
N02,葉美好,
N03,葉曜丞,獨立
N03,莫兆麟,
N04,李永成,民主黨
N04,姚銘,民主建港協進聯盟
N04,李啟恒,人民力量
N05,李立航,民主黨
N05,賴心,民主建港協進聯盟
N06,甄永樂,民主黨
N06,劉國勳,民主建港協進聯盟/新界社團聯會
N07,溫和達,民主建港協進聯盟
N07,王浩泉,民主黨
N08,侯金林,民主建港協進聯盟
N08,侯福達,
N09,藍偉良,民主建港協進聯盟
N09,徐家傑,
N09,蘇展龍,民主黨
N10,曾勁聰,香港工會聯合會/民主建港協進聯盟
N10,曾尚智,民主黨
N11,蘇西智,民主建港協進聯盟
N11,區維綱,人民力量
N11,黃成智,民主黨
N12,侯榮光,自由黨
N12,王潤強,民主建港協進聯盟
N12,張淑雯,人民力量/前綫
N12,周錦紹,民主黨
N13,黃宏滔,民主建港協進聯盟/香港工會聯合會
N13,洪寶華,民主黨
N13,嚴志恆,民主黨
N14,廖國華,
N14,廖興洪,
N14,廖超華,
N14,熊柏基,
N15,曾玉安,
N15,溫和輝,民主建港協進聯盟
N16,嚴志恆,民主黨
N16,余智成,
N16,柯倩儀,民主建港協進聯盟
N16,莫富華,
N16,梁玉祥,民主黨
N17,鄧根年,民主建港協進聯盟
N17,李廣明,
P01,李國英,民主建港協進聯盟
P01,楊岳橋,公民黨
P02,張志偉,自由黨/新界社團聯會
P02,區鎮樺,民主黨
P02,鄭美琳,獨立
P03,譚榮勳,民主建港協進聯盟
P04,鄭俊平,民主建港協進聯盟
P04,蘇馬俊,
P05,王秋北,民主建港協進聯盟
P05,任萬全,民主黨
P06,胡健民,民主建港協進聯盟
P06,任啟邦,新民主同盟
P07,黃元生,民主建港協進聯盟
P07,關永業,新民主同盟
P08,林泉,民主建港協進聯盟
P09,黃碧嬌,民主建港協進聯盟
P10,陳笑權,
P11,余智榮,獨立無黨派
P11,李志成,民主黨
P11,陳漢雄,
P12,羅舜泉,無黨派獨立
P12,林精倫,
P12,鍾旭輝,
P13,張國耀,
P13,陳灶良,
P14,黃容根,民主建港協進聯盟
P14,張錦雄,民間電台
P15,鄭俊和,
P15,李麗麗,
P16,梁明光,
P16,張國慧,民主建港協進聯盟
P16,李健文,民主黨
P16,易健卿,大埔民主民生網絡
P17,鄧友發,
P18,盧三勝,
P18,劉志成,
P18,黃惠棠,
P19,何大偉,
P19,李耀斌,
Q01,吳仕福,民主建港協進聯盟
Q02,邱戊秀,民主建港協進聯盟
Q03,李家良,民主建港協進聯盟
Q03,張國雄,
Q04,劉偉章,
Q04,練子強,
Q05,邱玉麟,民主建港協進聯盟
Q06,吳雪山,香港工會聯合會
Q06,謝正楓,民主黨
Q06,余漢倫,
Q07,陳繼偉,獨立無黨派
Q08,李鎮浩,公民力量
Q08,黃炳雄,
Q08,梁里,新民主同盟
Q08,黃恩琪,獨立候選人
Q09,何民傑,獨立無黨派
Q09,余啟津,香港工會聯合會
Q10,盧文謙,新民黨
Q10,張國強,新民主同盟
Q11,林俊嘉,自由黨
Q11,陸平才,
Q11,呂劍豪,獨立無黨派
Q12,陳樹權,自由黨
Q12,周賢明,
Q13,梁樂深,公民力量
Q13,林少忠,民主黨
Q14,譚領律,公民力量
Q14,石志强,
Q15,區能發,公民力量
Q15,陳秉衡,民主黨
Q16,鍾錦麟,新民主同盟
Q16,王文傑,
Q16,張民傑,
Q17,侯勵英,民主建港協進聯盟
Q17,范國威,新民主同盟
Q18,祁麗媚,民主建港協進聯盟
Q18,林咏然,民主黨
Q19,凌文海,民主建港協進聯盟
Q19,鍾恩緒,民主黨
Q20,陳國旗,民主建港協進聯盟
Q21,溫悅昌,公民力量
Q21,張寶合,
Q22,簡兆祺,香港工會聯合會
Q22,葉振強,
Q22,麥子熙,新民主同盟
Q22,崔宗智,
Q22,陸惠民,民主建港協進聯盟
Q22,黃輝,
Q23,莊元苳,民主建港協進聯盟
Q23,柯耀林,民主黨
Q23,虞瑋倩,人民力量/前綫
Q23,陳堂榮,
Q23,舒孝傑,
Q23,陳艷珠,
Q24,徐潤容,自由黨
Q24,張志董,民主黨
Q24,方國珊,獨立
R01,衞慶祥,民主動力
R01,曾錦銓,民主建港協進聯盟
R02,黃宇翰,公民力量
R02,黃浩銘,社會民主連線
R03,余倩雯,民主建港協進聯盟
R04,黃嘉榮,
R04,湯家驊,公民黨
R05,梁家輝,公民力量
R05,錢偉健,公民黨
R05,劉帶生,經濟動力
R06,梁志偉,自由黨
R07,楊倩紅,公民力量
R07,張德榮,
R08,陳國添,公民力量
R08,彭少英,民主黨
R09,丘文俊,新民主同盟
R09,林康華,公民力量
R10,梁志堅,公民力量
R10,陳諾恒,民主黨
R11,張國和,香港工會聯合會
R11,程張迎,民主黨
R12,黃澤標,公民力量
R12,馬愉生,人民力量
R13,林松茵,公民力量
R13,莫偉雄,民主黨
R14,何厚祥,公民力量
R15,黃嘉錫,公民力量
R15,吳錦雄,民主黨
R16,潘國山,公民力量
R16,孫燦培,
R16,劉江華,民主建港協進聯盟/公民力量
R17,李錦明,公民力量
R17,李世鴻,
R18,梁永雄,新民主同盟
R18,董健莉,民主建港協進聯盟
R19,鄧永昌,公民力量
R19,李源錦,
R20,彭長緯,民主建港協進聯盟
R20,彭玉英,公民黨
R20,李瑞霞,獨立人士
R21,廖韻兒,
R21,龐愛蘭,
R21,陳德章,民間電台
R22,蕭顯航,獨立無黨派
R23,劉家儀,婦女參政網絡
R23,葛珮帆,民主建港協進聯盟
R24,游月華,民主黨
R24,楊文銳,民主建港協進聯盟
R24,譚顯宗,
R25,李子榮,
R25,蔡耀昌,民主黨
R25,杜礎圻,
R26,麥潤培,民主黨
R26,羅棣萱,民主建港協進聯盟
R27,羅光強,公民力量
R28,湯寶珍,
R28,黃國雄,
R29,丁士元,民主黨
R29,李世榮,民主建港協進聯盟
R29,朱建剛,人民力量/前綫
R29,何淑萍,
R30,梁耀才,民主建港協進聯盟/香港工會聯合會
R30,鄭則文,民主黨
R31,周偉東,民主黨
R31,楊祥利,民主建港協進聯盟
R31,蘇達良,人民力量/前綫
R32,容溟舟,新民主同盟
R32,張子賢,民主建港協進聯盟
R32,羅月華,
R33,姚嘉俊,公民力量
R33,周耀康,公民黨
R34,黃冰芬,民主建港協進聯盟
R34,劉偉倫,獨立民主派
R34,曾敏儀,公民黨
R35,吳惠靈,香港職工會聯盟
R35,鄭楚光,民主建港協進聯盟
R36,陳敏娟,公民力量
S01,梁志成,街坊工友服務處
S01,陳智恒,香港工會聯合會
S02,賴芬芳,民主建港協進聯盟
S02,周偉雄,街坊工友服務處
S03,許祺祥,民主黨
S03,龍飛雲,香港工會聯合會
S04,黃炳權,民主黨
S04,徐紹輝,香港工會聯合會
S05,黃紹焜,民主建港協進聯盟
S05,梁錦威,街坊工友服務處
S05,吳開明,
S06,黃鳳珍,獨立人仕
S06,吳任豐,新界社團聯會/民主建港協進聯盟
S06,黃潤達,街坊工友服務處
S07,黃可欣,民主建港協進聯盟
S07,尹兆堅,民主黨
S08,梁永權,民主黨
S08,梁子穎,香港工會聯合會/民主建港協進聯盟
S09,李梓敬,自由黨
S09,梁國華,民主黨
S09,陳嘉樂,人民力量
S10,劉明堅,自由黨
S10,林紹輝,民主黨
S10,羅家麒,人民力量
S11,徐生雄,民主黨
S11,呂學能,民主建港協進聯盟/香港工會聯合會
S11,曾幸旺,人民力量
S12,梁耀忠,街坊工友服務處
S12,汪振富,香港綠黨
S12,杜礎圻,
S12,陳榮禮,香港綠黨
S13,黃耀聰,獨立候選人
S13,阮國基,獨立
S14,朱麗玲,民主建港協進聯盟
S14,李永達,民主黨
S14,陳志全,人民力量/選民力量
S15,盧慧蘭,
S15,黎名橞,
S16,吳劍昇,民主黨
S16,梁嘉銘,民主建港協進聯盟
S16,羅慶年,人民力量
S17,周奕希,民主黨
S17,陳榮禮,香港綠黨
S18,劉美璐,香港工會聯合會
S18,梁玉鳳,公民黨
S19,譚惠珍,獨立
S19,何志偉,民主黨
S20,麥美娟,香港工會聯合會
S20,古文翰,公民黨
S21,潘志南,香港工會聯合會/民主建港協進聯盟
S21,陳笑文,
S22,張慧晶,
S22,王雪盈,民主黨
S22,陳對之,
S23,李志強,
S23,丁衍華,獨立
S24,徐曉杰,獨立
S24,李美英,
S25,蔡雨龍,民主黨
S25,梁偉文,民主建港協進聯盟
S26,潘志成,民主建港協進聯盟
S27,雷可畏,
S27,夏龍雲,
S27,林立志,民主黨
S27,劉寶坤,
S28,潘小屏,
S28,劉子傑,民主黨
S28,陳裕民,人民力量
S29,羅競成,民主建港協進聯盟
T01,黃福根,
T01,馬雪芬,
T02,鄧家彪,香港工會聯合會
T02,郭平,民主黨
T03,老廣成,民主建港協進聯盟
T03,徐正權,
T04,譚文豪,公民黨
T04,林悅,
T05,周轉香,民主建港協進聯盟
T05,鄭麗兒,公民黨
T06,容詠嫦,公民黨
T06,劉靖瑋,新民黨
T07,陳智連,
T07,安慶英,
T07,馬鎮添,
T07,胡栢麟,公民黨
T08,余麗芬,民主建港協進聯盟
T08,黃俊邦,社會民主連線/土地正義聯盟
T08,劉保祿,
T09,郭卓堅,民主黨
T09,鄺世來,
T09,鄺官穩,經濟動力
T09,盧雲佳,
T09,史鎬銘,
T10,李桂珍,民主建港協進聯盟
T10,黃子源,